{
  "dgakm": 0.031924944843380265,
  "bkcur": 0.9011662238248792,
  "gjvba": 28,
  "pydde": true,
  "nbroq": 0.05459444058189933,
  "raepm": 28,
  "nphhh": -22,
  "farwq": 0.9500604475311315,
  "kgzyz": -72,
  "sowgj": 0.8462068030135549,
  "rwars": 0.3762079856718832,
  "rmlpa": 11,
  "kimiv": 90,
  "umjut": false,
  "qdfyo": 0.32772766729908875,
  "wuahj": 0.7696180479322301,
  "zognh": false,
  "hxpic": 0.5142212207950437,
  "vdxiy": false,
  "tcoxz": false
}