{
  "cfajl": 0.7419423234617409,
  "gbmjo": false,
  "fqozi": false,
  "wqtdb": 0.24951976551948696,
  "gnbnz": false,
  "lezos": -24,
  "uxnkh": 0.13279244096601173,
  "hxbue": -32,
  "zwvwe": -54,
  "becjy": 0.30403149063838186,
  "nrbga": false,
  "mdnsl": true,
  "lthzo": 0.9194634247866156,
  "yfcsb": 0.6094180850480497,
  "xpeod": false,
  "wnyqr": 0.01403289054748369,
  "hujvj": false
}